
-- Khách hàng
INSERT INTO KhachHang (Ma_KH, Ten_KH, GioiTinh, Tuoi, SDT, DiaChi, Email) VALUES
('KH001', 'Nguyễn Văn An', 'Nam', 28, '0905123456', 'Hà Nội', 'nguyenvanan@gmail.com'),
('KH002', 'Trần Thị Bích Ngọc', 'Nữ', 32, '0912345678', 'TP.HCM', 'tranthibichngoc@yahoo.com'),
('KH003', 'Lê Văn Cường', 'Nam', 24, '0934567890', 'Đà Nẵng', 'levancuong@gmail.com'),
('KH004', 'Phạm Thị Dung', 'Nữ', 30, '0978123456', 'Hải Phòng', 'phamthidung@hotmail.com'),
('KH005', 'Đỗ Minh Hòa', 'Nam', 35, '0987654321', 'Cần Thơ', 'dominhhoa@gmail.com'),
('KH006', 'Vũ Thị Thu Hà', 'Nữ', 26, '0901234567', 'Nghệ An', 'vuthithuha@gmail.com'),
('KH007', 'Nguyễn Thành Long', 'Nam', 40, '0911987654', 'Lâm Đồng', 'nguyenthanhlong@gmail.com'),
('KH008', 'Bùi Thị Mai', 'Nữ', 29, '0945557890', 'Thái Bình', 'buithimai@gmail.com'),
('KH009', 'Trần Đức Huy', 'Nam', 31, '0967788990', 'Hưng Yên', 'tranduchuy@gmail.com'),
('KH010', 'Hoàng Thị Thanh', 'Nữ', 27, '0903344556', 'Quảng Ninh', 'hoangthithanh@gmail.com'),
('KH011', 'Lê Văn Nam', 'Nam', 33, '0977001122', 'Bình Dương', 'levannam@gmail.com'),
('KH012', 'Nguyễn Thị Hạnh', 'Nữ', 25, '0933322110', 'Hà Nam', 'nguyenthihanh@gmail.com'),
('KH013', 'Phan Minh Tuấn', 'Nam', 38, '0915667788', 'Tây Ninh', 'phanminhtuan@gmail.com'),
('KH014', 'Đặng Thị Lan', 'Nữ', 34, '0988997766', 'Bắc Giang', 'dangthilan@gmail.com'),
('KH015', 'Trịnh Quốc Vinh', 'Nam', 29, '0909090909', 'Nam Định', 'trinhquocvinh@gmail.com'),
('KH016', 'Lương Thị Bảo Ngọc', 'Nữ', 22, '0944668899', 'Quảng Ngãi', 'luongbaongoc@gmail.com'),
('KH017', 'Ngô Văn Khánh', 'Nam', 36, '0912121212', 'Thanh Hóa', 'ngovankhanh@gmail.com'),
('KH018', 'Tô Thị Kim Oanh', 'Nữ', 28, '0966123456', 'Phú Thọ', 'tokimoanh@gmail.com'),
('KH019', 'Mai Văn Hưng', 'Nam', 37, '0977766555', 'Ninh Bình', 'maivanhung@gmail.com'),
('KH020', 'Hồ Thị Mỹ Linh', 'Nữ', 31, '0900112233', 'Bình Thuận', 'homylinh@gmail.com');

-- Nhân viên
INSERT INTO NhanVien (Ma_NV, Ten_NV, ChucVu, SDT, Email) VALUES
('NV001', 'Nguyễn Văn An', 'Quản lý', '0912345678', 'an.nguyen@example.com'),
('NV002', 'Trần Thị Bình', 'Nhân viên bán hàng', '0923456789', 'binh.tran@example.com'),
('NV003', 'Lê Văn Cường', 'Kế toán', '0934567890', 'cuong.le@example.com'),
('NV004', 'Phạm Thị Dung', 'Chăm sóc khách hàng', '0945678901', 'dung.pham@example.com'),
('NV005', 'Hoàng Văn Em', 'Nhân viên kho', '0956789012', 'em.hoang@example.com'),
('NV006', 'Đỗ Thị Phương', 'Nhân viên bán hàng', '0967890123', 'phuong.do@example.com'),
('NV007', 'Ngô Văn Giang', 'Nhân viên kỹ thuật', '0978901234', 'giang.ngo@example.com'),
('NV008', 'Bùi Thị Hằng', 'Chăm sóc khách hàng', '0989012345', 'hang.bui@example.com'),
('NV009', 'Vũ Văn Hòa', 'Nhân viên kho', '0990123456', 'hoa.vu@example.com'),
('NV010', 'Đặng Thị Kim', 'Kế toán', '0901234567', 'kim.dang@example.com'),
('NV011', 'Lý Văn Lâm', 'Bảo vệ', '0912233445', 'lam.ly@example.com'),
('NV012', 'Tạ Thị Mai', 'Nhân viên bán hàng', '0922334455', 'mai.ta@example.com'),
('NV013', 'Cao Văn Nam', 'Quản lý', '0933445566', 'nam.cao@example.com'),
('NV014', 'Trịnh Thị Oanh', 'Chăm sóc khách hàng', '0944556677', 'oanh.trinh@example.com'),
('NV015', 'Đinh Văn Phú', 'Nhân viên kỹ thuật', '0955667788', 'phu.dinh@example.com'),
('NV016', 'Lương Thị Quỳnh', 'Kế toán', '0966778899', 'quynh.luong@example.com'),
('NV017', 'Phan Văn Sơn', 'Nhân viên kho', '0977889900', 'son.phan@example.com'),
('NV018', 'Nguyễn Thị Trang', 'Nhân viên bán hàng', '0988990011', 'trang.nguyen@example.com'),
('NV019', 'Trần Văn Việt', 'Chăm sóc khách hàng', '0999001122', 'viet.tran@example.com'),
('NV020', 'Hoàng Thị Yến', 'Nhân viên kỹ thuật', '0900112233', 'yen.hoang@example.com');

-- Nhà cung cấp
INSERT INTO NhaCungCap (Ma_NCC, Ten_NCC, DiaChi, SDT, Email)
VALUES
('NCC001', 'H&M', '50-52 Lê Lợi, Quận 1, TP.HCM', '02838222222', 'info@hm.com'),
('NCC002', 'Zara', 'Số 123, Đường Trần Duy Hưng, Hà Nội', '02439223344', 'contact@zara.com'),
('NCC003', 'Uniqlo', 'Số 45, Đường Nguyễn Huệ, Quận 1, TP.HCM', '02839123456', 'support@uniqlo.com'),
('NCC004', 'Pull & Bear', 'Số 10, Đường Cầu Giấy, Hà Nội', '02437654321', 'contact@pullandbear.com'),
('NCC005', 'Mango', 'Tầng 2, Vincom Center, Quận 3, TP.HCM', '02838223333', 'help@mango.com'),
('NCC006', 'Bershka', 'Số 22, Đường Láng, Hà Nội', '02436667788', 'service@bershka.com'),
('NCC007', 'Giordano', 'Số 77, Đường Phan Xích Long, TP.HCM', '02839551234', 'support@giordano.com'),
('NCC008', 'S, M, L', 'Số 56, Đường Đồng Khởi, TP.HCM', '02838278888', 'info@smlstore.com'),
('NCC009', 'Lee', 'Số 34, Đường Nguyễn Thái Học, Hà Nội', '02438223333', 'contact@lee.com'),
('NCC010', 'Levi\'s', 'Số 5, Đường Nguyễn Chí Thanh, Quận 5, TP.HCM', '02839665566', 'info@levis.com'),
('NCC011', 'The North Face', 'Số 12, Đường Quang Trung, TP.HCM', '02838271111', 'support@thenorthface.com'),
('NCC012', 'Nike', 'Tầng 3, Saigon Center, Quận 1, TP.HCM', '02838224444', 'customerservice@nike.com'),
('NCC013', 'Adidas', 'Số 15, Đường Lê Lợi, TP.HCM', '02838998888', 'contact@adidas.com'),
('NCC014', 'Puma', 'Số 89, Đường Phạm Ngọc Thạch, Hà Nội', '02437662222', 'support@puma.com'),
('NCC015', 'C&A', 'Số 77, Đường Lý Thường Kiệt, Quận 10, TP.HCM', '02838343434', 'help@canda.com'),
('NCC016', 'Superdry', 'Tầng 2, Crescent Mall, Quận 7, TP.HCM', '02838997777', 'info@superdry.com'),
('NCC017', 'Tommy Hilfiger', 'Số 34, Đường Xuân Thủy, Hà Nội', '02437829999', 'contact@tommy.com'),
('NCC018', 'Calvin Klein', 'Số 16, Đường Nguyễn Thị Minh Khai, TP.HCM', '02838275555', 'help@calvinklein.com'),
('NCC019', 'Marmot', 'Số 32, Đường Tôn Đức Thắng, TP.HCM', '02838343333', 'support@marmot.com'),
('NCC020', 'Columbia', 'Số 7, Đường Hàng Gai, Hà Nội', '02439223333', 'info@columbia.com');

-- Sản phẩm
INSERT INTO SanPham (Ma_SP, Ten_SP, DonViTinh, GiaBan, GiaNhap, SoLuongTon)
VALUES
('SP001', 'Áo Thun Nam Basic', 'Cái', 150000, 100000, 50),
('SP002', 'Áo Sơ Mi Nam Công Sở', 'Cái', 250000, 150000, 30),
('SP003', 'Quần Jeans Nam Slim Fit', 'Cái', 350000, 220000, 20),
('SP004', 'Váy Liền Nữ Dạ Hội', 'Cái', 700000, 450000, 10),
('SP005', 'Đầm Dài Nữ Công Sở', 'Cái', 400000, 250000, 15),
('SP006', 'Áo Khoác Nam Dù', 'Cái', 550000, 350000, 25),
('SP007', 'Áo Khoác Nữ Mùa Đông', 'Cái', 600000, 400000, 18),
('SP008', 'Giày Thể Thao Nam', 'Đôi', 850000, 500000, 40),
('SP009', 'Giày Sandal Nữ', 'Đôi', 350000, 200000, 50),
('SP010', 'Áo Thun Nữ Phong Cách', 'Cái', 180000, 120000, 35),
('SP011', 'Quần Short Nam', 'Cái', 180000, 120000, 45),
('SP012', 'Quần Tây Nam Công Sở', 'Cái', 350000, 250000, 20),
('SP013', 'Áo Khoác Bomber Nam', 'Cái', 650000, 400000, 12),
('SP014', 'Váy Nữ Công Sở', 'Cái', 450000, 300000, 28),
('SP015', 'Đầm Dạ Hội Nữ', 'Cái', 800000, 500000, 8),
('SP016', 'Áo Sơ Mi Nữ Cổ Trụ', 'Cái', 280000, 150000, 22),
('SP017', 'Giày Boots Nam', 'Đôi', 900000, 550000, 16),
('SP018', 'Áo Thun Polo Nam', 'Cái', 220000, 130000, 40),
('SP019', 'Giày Sneaker Nữ', 'Đôi', 750000, 450000, 30),
('SP020', 'Áo Len Nữ', 'Cái', 350000, 230000, 60);

-- Hóa đơn bán hàng
INSERT INTO HoaDonBanHang (Ma_HDBH, NgayBan, Ma_KH, Ma_NV)
VALUES
('HDBH001', '2025-05-08', 'KH001', 'NV001'),
('HDBH002', '2025-05-08', 'KH002', 'NV002'),
('HDBH003', '2025-05-08', 'KH003', 'NV003'),
('HDBH004', '2025-05-08', 'KH004', 'NV001'),
('HDBH005', '2025-05-08', 'KH005', 'NV002'),
('HDBH006', '2025-05-08', 'KH006', 'NV003'),
('HDBH007', '2025-05-08', 'KH007', 'NV004'),
('HDBH008', '2025-05-08', 'KH008', 'NV005'),
('HDBH009', '2025-05-08', 'KH009', 'NV006'),
('HDBH010', '2025-05-08', 'KH010', 'NV007'),
('HDBH011', '2025-05-08', 'KH011', 'NV008'),
('HDBH012', '2025-05-08', 'KH012', 'NV009'),
('HDBH013', '2025-05-08', 'KH013', 'NV010'),
('HDBH014', '2025-05-08', 'KH014', 'NV011'),
('HDBH015', '2025-05-08', 'KH015', 'NV012'),
('HDBH016', '2025-05-08', 'KH016', 'NV013'),
('HDBH017', '2025-05-08', 'KH017', 'NV014'),
('HDBH018', '2025-05-08', 'KH018', 'NV015'),
('HDBH019', '2025-05-08', 'KH019', 'NV016'),
('HDBH020', '2025-05-08', 'KH020', 'NV017');

-- Chi tiết hóa đơn bán hàng
INSERT INTO ChiTietHoaDonBanHang (Ma_HDBH, Ma_SP, SoLuong, DonGia)
VALUES
('HDBH001', 'SP001', 2, 150000),
('HDBH002', 'SP002', 1, 250000),
('HDBH003', 'SP003', 1, 350000),
('HDBH004', 'SP004', 1, 700000),
('HDBH005', 'SP005', 1, 400000),
('HDBH006', 'SP006', 1, 550000),
('HDBH007', 'SP007', 1, 600000),
('HDBH008', 'SP008', 2, 850000),
('HDBH009', 'SP009', 3, 350000),
('HDBH010', 'SP010', 2, 180000),
('HDBH011', 'SP011', 2, 180000),
('HDBH012', 'SP012', 1, 350000),
('HDBH013', 'SP013', 1, 650000),
('HDBH014', 'SP014', 1, 450000),
('HDBH015', 'SP015', 1, 800000),
('HDBH016', 'SP016', 2, 280000),
('HDBH017', 'SP017', 1, 900000),
('HDBH018', 'SP018', 2, 220000),
('HDBH019', 'SP019', 1, 750000),
('HDBH020', 'SP020', 3, 350000);

-- Hóa đơn nhập hàng
INSERT INTO HoaDonNhapHang (Ma_HDNH, NgayNhap, Ma_NCC, Ma_NV)
VALUES
('HDNH001', '2025-05-08', 'NCC001', 'NV001'),
('HDNH002', '2025-05-08', 'NCC002', 'NV002'),
('HDNH003', '2025-05-08', 'NCC003', 'NV003'),
('HDNH004', '2025-05-08', 'NCC004', 'NV004'),
('HDNH005', '2025-05-08', 'NCC005', 'NV005'),
('HDNH006', '2025-05-08', 'NCC006', 'NV006'),
('HDNH007', '2025-05-08', 'NCC007', 'NV007'),
('HDNH008', '2025-05-08', 'NCC008', 'NV008'),
('HDNH009', '2025-05-08', 'NCC009', 'NV009'),
('HDNH010', '2025-05-08', 'NCC010', 'NV010'),
('HDNH011', '2025-05-08', 'NCC011', 'NV011'),
('HDNH012', '2025-05-08', 'NCC012', 'NV012'),
('HDNH013', '2025-05-08', 'NCC013', 'NV013'),
('HDNH014', '2025-05-08', 'NCC014', 'NV014'),
('HDNH015', '2025-05-08', 'NCC015', 'NV015'),
('HDNH016', '2025-05-08', 'NCC016', 'NV016'),
('HDNH017', '2025-05-08', 'NCC017', 'NV017'),
('HDNH018', '2025-05-08', 'NCC018', 'NV018'),
('HDNH019', '2025-05-08', 'NCC019', 'NV019'),
('HDNH020', '2025-05-08', 'NCC020', 'NV020');

-- Chi tiết hóa đơn nhập hàng
INSERT INTO ChiTietHoaDonNhapHang (Ma_HDNH, Ma_SP, SoLuong, DonGia)
VALUES
('HDNH001', 'SP001', 50, 100000),
('HDNH002', 'SP002', 30, 150000),
('HDNH003', 'SP003', 20, 220000),
('HDNH004', 'SP004', 10, 450000),
('HDNH005', 'SP005', 15, 250000),
('HDNH006', 'SP006', 25, 350000),
('HDNH007', 'SP007', 18, 400000),
('HDNH008', 'SP008', 40, 500000),
('HDNH009', 'SP009', 50, 200000),
('HDNH010', 'SP010', 35, 120000),
('HDNH011', 'SP011', 45, 120000),
('HDNH012', 'SP012', 20, 250000),
('HDNH013', 'SP013', 12, 400000),
('HDNH014', 'SP014', 28, 300000),
('HDNH015', 'SP015', 8, 500000),
('HDNH016', 'SP016', 22, 150000),
('HDNH017', 'SP017', 16, 550000),
('HDNH018', 'SP018', 40, 130000),
('HDNH019', 'SP019', 30, 450000),
('HDNH020', 'SP020', 60, 230000);

-- Chiến lược truyền thông
INSERT INTO ChienLuocTruyenThong (Ma_CLTT, TenChiTiet, MucTieu, Kenh, NganSach, ThoiGianBatDau, ThoiGianKetThuc, Ma_NV)
VALUES
('CLTT001', 'Chiến dịch Khuyến mãi mùa hè', 'Tăng doanh thu bán hàng mùa hè', 'Facebook, Instagram', 2000000, '2025-06-01', '2025-06-30', 'NV001'),
('CLTT002', 'Khuyến mãi Áo Thun Nam', 'Quảng bá sản phẩm áo thun nam mới', 'Facebook, Zalo', 1500000, '2025-05-01', '2025-05-15', 'NV002'),
('CLTT003', 'Chương trình giảm giá cuối năm', 'Thúc đẩy mua sắm trong dịp cuối năm', 'Instagram, TikTok', 5000000, '2025-12-01', '2025-12-31', 'NV003'),
('CLTT004', 'Mở bán bộ sưu tập mùa đông', 'Giới thiệu sản phẩm mới mùa đông', 'YouTube, Facebook', 3000000, '2025-11-01', '2025-11-30', 'NV004'),
('CLTT005', 'Chiến dịch áo khoác nữ', 'Tăng trưởng doanh số sản phẩm áo khoác nữ', 'Instagram, Facebook', 2500000, '2025-10-01', '2025-10-31', 'NV005'),
('CLTT006', 'Quảng cáo sản phẩm giày thể thao', 'Xây dựng thương hiệu cho giày thể thao', 'Facebook, TikTok', 3500000, '2025-09-01', '2025-09-30', 'NV006'),
('CLTT007', 'Giảm giá quần jeans nam', 'Tăng lượng bán quần jeans nam', 'Zalo, Instagram', 1800000, '2025-08-01', '2025-08-15', 'NV007'),
('CLTT008', 'Chiến dịch thời trang công sở', 'Tăng trưởng doanh số các sản phẩm công sở', 'YouTube, Facebook', 4000000, '2025-07-01', '2025-07-31', 'NV008'),
('CLTT009', 'Ra mắt bộ sưu tập áo sơ mi nữ', 'Mở rộng thị trường cho áo sơ mi nữ', 'Instagram, TikTok', 3000000, '2025-06-15', '2025-07-15', 'NV009'),
('CLTT010', 'Khuyến mãi đặc biệt lễ 30/4 - 1/5', 'Tăng lượng khách hàng vào dịp lễ', 'Facebook, Zalo', 2500000, '2025-04-25', '2025-05-05', 'NV010'),
('CLTT011', 'Giới thiệu đầm dạ hội cao cấp', 'Tăng doanh thu cho dòng sản phẩm đầm dạ hội', 'Instagram, Facebook', 2200000, '2025-03-01', '2025-03-15', 'NV011'),
('CLTT012', 'Khuyến mãi Black Friday', 'Tăng doanh thu trong ngày lễ Black Friday', 'TikTok, Facebook', 6000000, '2025-11-27', '2025-11-30', 'NV012'),
('CLTT013', 'Chương trình khuyến mãi sinh nhật cửa hàng', 'Kích cầu khách hàng nhân dịp sinh nhật', 'Facebook, Instagram, Zalo', 4000000, '2025-05-01', '2025-05-10', 'NV013'),
('CLTT014', 'Tặng quà cho khách hàng thân thiết', 'Xây dựng lòng trung thành của khách hàng', 'Zalo, Facebook', 1000000, '2025-04-01', '2025-04-30', 'NV014'),
('CLTT015', 'Quảng bá bộ sưu tập áo thun nữ', 'Đẩy mạnh doanh số cho áo thun nữ', 'Instagram, Facebook', 2800000, '2025-05-15', '2025-06-15', 'NV015'),
('CLTT016', 'Giảm giá cho khách hàng sinh nhật', 'Tăng sự hài lòng khách hàng và doanh thu', 'Zalo, Instagram', 1500000, '2025-06-01', '2025-06-15', 'NV016'),
('CLTT017', 'Chiến dịch Giới thiệu quần áo trẻ em', 'Mở rộng thị trường quần áo trẻ em', 'Facebook, Instagram', 3500000, '2025-07-01', '2025-07-31', 'NV017'),
('CLTT018', 'Chiến dịch quảng cáo giày nữ', 'Tăng trưởng doanh thu giày nữ', 'YouTube, TikTok', 4000000, '2025-09-01', '2025-09-30', 'NV018'),
('CLTT019', 'Khuyến mãi mùa thu', 'Thúc đẩy doanh thu sản phẩm mùa thu', 'Facebook, Instagram, Zalo', 2500000, '2025-08-01', '2025-08-31', 'NV019'),
('CLTT020', 'Mở bán bộ sưu tập Giày Sneaker', 'Tạo dựng thương hiệu cho dòng giày sneaker', 'Instagram, Facebook, TikTok', 3000000, '2025-10-01', '2025-10-15', 'NV020');

-- Bảng Bảng Lương
INSERT INTO BangLuong (Ma_Luong, Ma_NV, Thang, Nam, LuongCoBan, PhuCap, Thuong, KhauTru, GhiChu)
VALUES
(1, 'NV001', 1, 2025, 8000000, 500000, 1000000, 200000, 'Lương tháng 1'),
(2, 'NV002', 1, 2025, 7500000, 400000, 800000, 150000, 'Lương tháng 1'),
(3, 'NV003', 1, 2025, 9500000, 600000, 1200000, 250000, 'Lương tháng 1'),
(4, 'NV004', 1, 2025, 10000000, 700000, 1500000, 300000, 'Lương tháng 1'),
(5, 'NV005', 1, 2025, 8500000, 450000, 900000, 180000, 'Lương tháng 1'),
(6, 'NV006', 1, 2025, 7800000, 350000, 950000, 220000, 'Lương tháng 1'),
(7, 'NV007', 2, 2025, 8000000, 400000, 1100000, 200000, 'Lương tháng 2'),
(8, 'NV008', 2, 2025, 9200000, 500000, 1300000, 250000, 'Lương tháng 2'),
(9, 'NV009', 2, 2025, 8700000, 460000, 1000000, 190000, 'Lương tháng 2'),
(10, 'NV010', 2, 2025, 9500000, 550000, 1500000, 240000, 'Lương tháng 2'),
(11, 'NV011', 2, 2025, 8000000, 380000, 1050000, 210000, 'Lương tháng 2'),
(12, 'NV012', 3, 2025, 8800000, 420000, 950000, 200000, 'Lương tháng 3'),
(13, 'NV013', 3, 2025, 9100000, 500000, 1100000, 220000, 'Lương tháng 3'),
(14, 'NV014', 3, 2025, 9500000, 550000, 1200000, 250000, 'Lương tháng 3'),
(15, 'NV015', 3, 2025, 7800000, 400000, 800000, 180000, 'Lương tháng 3'),
(16, 'NV016', 3, 2025, 8500000, 430000, 950000, 200000, 'Lương tháng 3'),
(17, 'NV017', 4, 2025, 9100000, 520000, 1100000, 240000, 'Lương tháng 4'),
(18, 'NV018', 4, 2025, 9700000, 600000, 1300000, 250000, 'Lương tháng 4'),
(19, 'NV019', 4, 2025, 8400000, 450000, 900000, 220000, 'Lương tháng 4'),
(20, 'NV020', 4, 2025, 9500000, 550000, 1400000, 230000, 'Lương tháng 4');


-- ================================
-- Bảng trung gian: NhanVien_BangLuong (mỗi nhân viên có nhiều bảng lương)
-- ================================
INSERT INTO NhanVien_BangLuong (Ma_NV, Ma_Luong)
VALUES
('NV001', 1),
('NV001', 2),
('NV002', 1),
('NV002', 2),
('NV003', 1),
('NV003', 2),
('NV004', 1),
('NV004', 2),
('NV005', 1),
('NV005', 2),
('NV006', 1),
('NV006', 2),
('NV007', 1),
('NV007', 2),
('NV008', 1),
('NV008', 2),
('NV009', 1),
('NV009', 2),
('NV010', 1),
('NV010', 2),
('NV011', 1),
('NV011', 2),
('NV012', 1),
('NV012', 2),
('NV013', 1),
('NV013', 2),
('NV014', 1),
('NV014', 2),
('NV015', 1),
('NV015', 2),
('NV016', 1),
('NV016', 2),
('NV017', 1),
('NV017', 2),
('NV018', 1),
('NV018', 2),
('NV019', 1),
('NV019', 2),
('NV020', 1),
('NV020', 2);


-- ================================
-- Bảng trung gian: NhanVien_ChienLuocTruyenThong (nhiều nhân viên cùng phụ trách 1 chiến lược)
-- ================================
INSERT INTO NhanVien_ChienLuocTruyenThong (Ma_NV, Ma_CLTT, VaiTro)
VALUES
('NV001', 'CLTT001', 'Người lập kế hoạch'),
('NV002', 'CLTT002', 'Người triển khai'),
('NV003', 'CLTT003', 'Người lập kế hoạch'),
('NV004', 'CLTT004', 'Người triển khai'),
('NV005', 'CLTT005', 'Người lập kế hoạch'),
('NV006', 'CLTT006', 'Người triển khai'),
('NV007', 'CLTT007', 'Người lập kế hoạch'),
('NV008', 'CLTT008', 'Người triển khai'),
('NV009', 'CLTT009', 'Người lập kế hoạch'),
('NV010', 'CLTT010', 'Người triển khai'),
('NV011', 'CLTT011', 'Người lập kế hoạch'),
('NV012', 'CLTT012', 'Người triển khai'),
('NV013', 'CLTT013', 'Người lập kế hoạch'),
('NV014', 'CLTT014', 'Người triển khai'),
('NV015', 'CLTT015', 'Người lập kế hoạch'),
('NV016', 'CLTT016', 'Người triển khai'),
('NV017', 'CLTT017', 'Người lập kế hoạch'),
('NV018', 'CLTT018', 'Người triển khai'),
('NV019', 'CLTT019', 'Người lập kế hoạch'),
('NV020', 'CLTT020', 'Người triển khai');


-- ================================
-- Bảng Kho
-- ================================
INSERT INTO Kho (Ma_Kho, Ten_Kho, DiaChi, GhiChu)
VALUES
('KHO001', 'Kho Hà Nội', 'Số 123, Phố Trần Duy Hưng, Quận Cầu Giấy, Hà Nội', 'Kho chính để lưu trữ các sản phẩm bán lẻ'),
('KHO002', 'Kho Hồ Chí Minh', 'Số 456, Phố Nguyễn Thị Minh Khai, Quận 1, TP. Hồ Chí Minh', 'Kho dùng để phân phối các sản phẩm cho các chi nhánh phía Nam'),
('KHO003', 'Kho Đà Nẵng', 'Số 789, Phố Lê Duẩn, Quận Hải Châu, Đà Nẵng', 'Kho tạm thời cho các sản phẩm bán online'),
('KHO004', 'Kho Bắc Ninh', 'Số 234, Đường Ngọc Hân, TP. Bắc Ninh', 'Kho chuyên cung cấp sản phẩm cho các cửa hàng nhỏ trong khu vực'),
('KHO005', 'Kho Bình Dương', 'Số 567, Đường Thủ Dầu Một, TP. Bình Dương', 'Kho phân phối hàng hóa cho khu vực miền Đông'),
('KHO006', 'Kho Quảng Ninh', 'Số 890, Đường Nguyễn Tất Thành, TP. Hạ Long, Quảng Ninh', 'Kho phục vụ cho các cửa hàng ở miền Bắc'),
('KHO007', 'Kho Nha Trang', 'Số 321, Đường Nguyễn Thị Minh Khai, TP. Nha Trang', 'Kho chuyên cung cấp sản phẩm cho các cửa hàng miền Trung'),
('KHO008', 'Kho Hải Phòng', 'Số 135, Đường Lê Hồng Phong, TP. Hải Phòng', 'Kho dự trữ các sản phẩm giảm giá'),
('KHO009', 'Kho Cần Thơ', 'Số 246, Đường Nguyễn Văn Cừ, TP. Cần Thơ', 'Kho tạm cho các chương trình khuyến mãi'),
('KHO010', 'Kho Vĩnh Long', 'Số 369, Đường Nguyễn Trung Trực, TP. Vĩnh Long', 'Kho phân phối hàng hóa cho khu vực miền Tây'),
('KHO011', 'Kho Phú Quốc', 'Số 741, Đường Trần Hưng Đạo, Phú Quốc', 'Kho phục vụ các sản phẩm bán online cho đảo'),
('KHO012', 'Kho Tiền Giang', 'Số 852, Đường Ấp Mỹ Quý, TP. Mỹ Tho', 'Kho chuyên cung cấp sản phẩm mùa vụ'),
('KHO013', 'Kho Lâm Đồng', 'Số 963, Đường Hồ Xuân Hương, TP. Đà Lạt', 'Kho lưu trữ hàng hóa mùa đông'),
('KHO014', 'Kho Vũng Tàu', 'Số 159, Đường Lê Lợi, TP. Vũng Tàu', 'Kho có hệ thống bảo quản đặc biệt cho các sản phẩm cao cấp'),
('KHO015', 'Kho Nghệ An', 'Số 753, Đường Mai Thúc Loan, TP. Vinh', 'Kho lưu trữ các sản phẩm cho thị trường miền Trung'),
('KHO016', 'Kho Nam Định', 'Số 246, Đường Trường Chinh, TP. Nam Định', 'Kho bán sản phẩm dành cho các cửa hàng quần áo tại Nam Định'),
('KHO017', 'Kho Thanh Hóa', 'Số 135, Đường Lê Lai, TP. Thanh Hóa', 'Kho lớn nhất miền Bắc chuyên phân phối cho các cửa hàng'),
('KHO018', 'Kho Bắc Giang', 'Số 864, Đường Nguyễn Đức Cảnh, TP. Bắc Giang', 'Kho chứa các sản phẩm giày dép và túi xách'),
('KHO019', 'Kho Quảng Ngãi', 'Số 975, Đường Nguyễn Tất Thành, TP. Quảng Ngãi', 'Kho cung cấp các sản phẩm thời trang cao cấp'),
('KHO020', 'Kho Hòa Bình', 'Số 135, Đường Hoàng Diệu, TP. Hòa Bình', 'Kho bán các sản phẩm thời trang cho thị trường miền Tây');


-- ================================
-- Bảng trung gian: SanPham_Kho (mỗi sản phẩm có thể nằm ở nhiều kho)
-- ================================
INSERT INTO SanPham_Kho (Ma_SP, Ma_Kho, SoLuong)
VALUES
('SP001', 'KHO001', 50),
('SP001', 'KHO002', 30),
('SP001', 'KHO003', 20),
('SP002', 'KHO001', 100),
('SP002', 'KHO004', 75),
('SP002', 'KHO006', 60),
('SP003', 'KHO002', 80),
('SP003', 'KHO005', 40),
('SP003', 'KHO007', 30),
('SP004', 'KHO003', 60),
('SP004', 'KHO008', 50),
('SP004', 'KHO009', 25),
('SP005', 'KHO004', 40),
('SP005', 'KHO010', 35),
('SP005', 'KHO011', 45),
('SP006', 'KHO005', 50),
('SP006', 'KHO012', 60),
('SP006', 'KHO013', 30),
('SP007', 'KHO006', 70),
('SP007', 'KHO014', 80);